x,y,episode,step,progress,speed
3.6545,-1.7823,0,0,0.0,0.0
3.6785,-1.7902,0,1,0.005,0.03
3.7027,-1.7977,0,2,0.01,0.06
3.7274,-1.8046,0,3,0.015,0.09
3.7524,-1.8109,0,4,0.02,0.12
3.7777,-1.8167,0,5,0.025,0.15
3.8033,-1.8219,0,6,0.03,0.18
3.8293,-1.8265,0,7,0.035,0.209
3.8555,-1.8305,0,8,0.04,0.239
3.882,-1.8339,0,9,0.045,0.268
3.9088,-1.8368,0,10,0.05,0.297
3.9359,-1.839,0,11,0.055,0.326
3.9632,-1.8406,0,12,0.06,0.354
3.9908,-1.8416,0,13,0.065,0.382
4.0185,-1.8419,0,14,0.07,0.41
4.0465,-1.8416,0,15,0.075,0.437
4.0747,-1.8407,0,16,0.08,0.464
4.1031,-1.8391,0,17,0.085,0.49
4.1316,-1.8369,0,18,0.09,0.516
4.1603,-1.8339,0,19,0.095,0.542
4.1891,-1.8304,0,20,0.101,0.567
4.2181,-1.8261,0,21,0.106,0.592
4.2472,-1.8212,0,22,0.111,0.616
4.2764,-1.8156,0,23,0.116,0.639
4.3056,-1.8093,0,24,0.121,0.662
4.335,-1.8023,0,25,0.126,0.684
4.3644,-1.7946,0,26,0.131,0.706
4.3939,-1.7863,0,27,0.136,0.727
4.4233,-1.7772,0,28,0.141,0.747
4.4529,-1.7674,0,29,0.146,0.767
4.4824,-1.757,0,30,0.151,0.786
4.5119,-1.7458,0,31,0.156,0.804
4.5413,-1.7339,0,32,0.161,0.822
4.5708,-1.7213,0,33,0.166,0.839
4.6002,-1.708,0,34,0.171,0.855
4.6295,-1.6939,0,35,0.176,0.87
4.6587,-1.6792,0,36,0.181,0.885
4.6878,-1.6637,0,37,0.186,0.898
4.7168,-1.6476,0,38,0.191,0.911
4.7457,-1.6307,0,39,0.196,0.923
4.7744,-1.6131,0,40,0.201,0.934
4.803,-1.5948,0,41,0.206,0.945
4.8314,-1.5757,0,42,0.211,0.954
4.8596,-1.556,0,43,0.216,0.963
4.8876,-1.5355,0,44,0.221,0.97
4.9154,-1.5144,0,45,0.226,0.977
4.9429,-1.4925,0,46,0.231,0.983
4.9702,-1.47,0,47,0.236,0.988
4.9973,-1.4467,0,48,0.241,0.992
5.024,-1.4227,0,49,0.246,0.996
5.0505,-1.398,0,50,0.251,0.998
5.0766,-1.3727,0,51,0.256,0.999
5.1025,-1.3466,0,52,0.261,1.0
5.128,-1.3199,0,53,0.266,1.0
5.1531,-1.2925,0,54,0.271,0.998
5.1778,-1.2644,0,55,0.276,0.996
5.2022,-1.2357,0,56,0.281,0.993
5.2262,-1.2062,0,57,0.286,0.989
5.2498,-1.1762,0,58,0.291,0.984
5.2729,-1.1454,0,59,0.296,0.978
5.2956,-1.114,0,60,0.302,0.972
5.3178,-1.082,0,61,0.307,0.964
5.3396,-1.0494,0,62,0.312,0.956
5.3609,-1.0161,0,63,0.317,0.946
5.3817,-0.9822,0,64,0.322,0.936
5.402,-0.9477,0,65,0.327,0.925
5.4217,-0.9125,0,66,0.332,0.913
5.4409,-0.8768,0,67,0.337,0.901
5.4596,-0.8405,0,68,0.342,0.887
5.4777,-0.8036,0,69,0.347,0.873
5.4952,-0.7662,0,70,0.352,0.858
5.5121,-0.7282,0,71,0.357,0.842
5.5285,-0.6896,0,72,0.362,0.825
5.5442,-0.6505,0,73,0.367,0.808
5.5592,-0.6108,0,74,0.372,0.79
5.5736,-0.5707,0,75,0.377,0.771
5.5874,-0.53,0,76,0.382,0.751
5.6005,-0.4888,0,77,0.387,0.731
5.6129,-0.4471,0,78,0.392,0.71
5.6247,-0.405,0,79,0.397,0.689
5.6357,-0.3624,0,80,0.402,0.667
5.646,-0.3193,0,81,0.407,0.644
5.6556,-0.2758,0,82,0.412,0.62
5.6645,-0.2318,0,83,0.417,0.596
5.6726,-0.1875,0,84,0.422,0.572
5.6799,-0.1427,0,85,0.427,0.547
5.6865,-0.0975,0,86,0.432,0.522
5.6923,-0.052,0,87,0.437,0.496
5.6973,-0.006,0,88,0.442,0.469
5.7015,0.0402,0,89,0.447,0.442
5.7049,0.0869,0,90,0.452,0.415
5.7075,0.1338,0,91,0.457,0.387
5.7092,0.181,0,92,0.462,0.359
5.7101,0.2286,0,93,0.467,0.331
5.7102,0.2764,0,94,0.472,0.303
5.7095,0.3245,0,95,0.477,0.274
5.7078,0.3729,0,96,0.482,0.245
5.7053,0.4215,0,97,0.487,0.215
5.7019,0.4703,0,98,0.492,0.186
5.6977,0.5193,0,99,0.497,0.156
5.6925,0.5686,0,100,0.503,0.126
5.6865,0.618,0,101,0.508,0.096
5.6795,0.6675,0,102,0.513,0.066
5.6717,0.7172,0,103,0.518,0.036
5.6629,0.7671,0,104,0.523,0.006
5.6532,0.817,0,105,0.528,0.024
5.6426,0.8671,0,106,0.533,0.054
5.631,0.9172,0,107,0.538,0.084
5.6185,0.9674,0,108,0.543,0.114
5.6051,1.0176,0,109,0.548,0.144
5.5907,1.0679,0,110,0.553,0.174
5.5754,1.1181,0,111,0.558,0.204
5.5591,1.1684,0,112,0.563,0.233
5.5419,1.2186,0,113,0.568,0.262
5.5237,1.2688,0,114,0.573,0.291
5.5046,1.319,0,115,0.578,0.32
5.4845,1.3691,0,116,0.583,0.348
5.4634,1.419,0,117,0.588,0.377
5.4413,1.4689,0,118,0.593,0.404
5.4183,1.5186,0,119,0.598,0.432
5.3943,1.5682,0,120,0.603,0.459
5.3694,1.6176,0,121,0.608,0.485
5.3435,1.6669,0,122,0.613,0.511
5.3166,1.7159,0,123,0.618,0.537
5.2887,1.7647,0,124,0.623,0.562
5.2599,1.8133,0,125,0.628,0.587
5.2301,1.8617,0,126,0.633,0.611
5.1993,1.9097,0,127,0.638,0.635
5.1676,1.9575,0,128,0.643,0.658
5.1349,2.0049,0,129,0.648,0.68
5.1012,2.0521,0,130,0.653,0.702
5.0666,2.0988,0,131,0.658,0.723
5.031,2.1453,0,132,0.663,0.744
4.9944,2.1913,0,133,0.668,0.763
4.957,2.2369,0,134,0.673,0.782
4.9185,2.2821,0,135,0.678,0.801
4.8791,2.3269,0,136,0.683,0.819
4.8388,2.3712,0,137,0.688,0.836
4.7976,2.4151,0,138,0.693,0.852
4.7554,2.4584,0,139,0.698,0.867
4.7123,2.5013,0,140,0.704,0.882
4.6683,2.5436,0,141,0.709,0.896
4.6234,2.5853,0,142,0.714,0.909
4.5776,2.6265,0,143,0.719,0.921
4.5308,2.6672,0,144,0.724,0.932
4.4832,2.7072,0,145,0.729,0.943
4.4347,2.7466,0,146,0.734,0.952
4.3854,2.7854,0,147,0.739,0.961
4.3351,2.8235,0,148,0.744,0.969
4.284,2.8609,0,149,0.749,0.976
4.2321,2.8977,0,150,0.754,0.982
4.1793,2.9337,0,151,0.759,0.987
4.1257,2.9691,0,152,0.764,0.992
4.0713,3.0037,0,153,0.769,0.995
4.016,3.0375,0,154,0.774,0.998
3.96,3.0706,0,155,0.779,0.999
3.9032,3.1029,0,156,0.784,1.0
3.8455,3.1344,0,157,0.789,1.0
3.7872,3.165,0,158,0.794,0.999
3.728,3.1949,0,159,0.799,0.997
3.6682,3.2239,0,160,0.804,0.994
3.6076,3.252,0,161,0.809,0.99
3.5462,3.2792,0,162,0.814,0.985
3.4842,3.3055,0,163,0.819,0.98
3.4215,3.331,0,164,0.824,0.973
3.3581,3.3554,0,165,0.829,0.966
3.294,3.379,0,166,0.834,0.957
3.2293,3.4016,0,167,0.839,0.948
3.164,3.4232,0,168,0.844,0.938
3.098,3.4438,0,169,0.849,0.928
3.0314,3.4635,0,170,0.854,0.916
2.9643,3.4821,0,171,0.859,0.903
2.8965,3.4997,0,172,0.864,0.89
2.8282,3.5163,0,173,0.869,0.876
2.7594,3.5318,0,174,0.874,0.861
2.69,3.5462,0,175,0.879,0.845
2.6201,3.5596,0,176,0.884,0.829
2.5497,3.5719,0,177,0.889,0.811
2.4789,3.583,0,178,0.894,0.793
2.4076,3.5931,0,179,0.899,0.775
2.3358,3.602,0,180,0.905,0.755
2.2636,3.6098,0,181,0.91,0.735
2.191,3.6165,0,182,0.915,0.714
2.118,3.622,0,183,0.92,0.693
2.0447,3.6263,0,184,0.925,0.671
1.971,3.6295,0,185,0.93,0.648
1.8969,3.6315,0,186,0.935,0.625
1.8226,3.6323,0,187,0.94,0.601
1.7479,3.6318,0,188,0.945,0.577
1.673,3.6302,0,189,0.95,0.552
1.5978,3.6273,0,190,0.955,0.527
1.5224,3.6233,0,191,0.96,0.501
1.4468,3.6179,0,192,0.965,0.474
1.371,3.6114,0,193,0.97,0.448
1.295,3.6035,0,194,0.975,0.42
1.2188,3.5945,0,195,0.98,0.393
1.1425,3.5841,0,196,0.985,0.365
1.0661,3.5725,0,197,0.99,0.337
0.9896,3.5596,0,198,0.995,0.308
0.9131,3.5454,0,199,1.0,0.279
4.8335,3.9128,1,0,0.0,0.0
4.8353,3.9379,1,1,0.005,0.036
4.8365,3.9633,1,2,0.01,0.072
4.837,3.9889,1,3,0.015,0.108
4.8369,4.0146,1,4,0.02,0.144
4.8363,4.0406,1,5,0.025,0.18
4.8349,4.0667,1,6,0.03,0.216
4.833,4.093,1,7,0.035,0.251
4.8303,4.1194,1,8,0.04,0.287
4.8271,4.146,1,9,0.045,0.322
4.8232,4.1726,1,10,0.05,0.356
4.8186,4.1994,1,11,0.055,0.391
4.8134,4.2263,1,12,0.06,0.425
4.8075,4.2532,1,13,0.065,0.458
4.8009,4.2802,1,14,0.07,0.492
4.7937,4.3072,1,15,0.075,0.524
4.7858,4.3343,1,16,0.08,0.557
4.7772,4.3614,1,17,0.085,0.588
4.7679,4.3884,1,18,0.09,0.62
4.758,4.4155,1,19,0.095,0.65
4.7474,4.4426,1,20,0.101,0.681
4.736,4.4696,1,21,0.106,0.71
4.724,4.4965,1,22,0.111,0.739
4.7114,4.5234,1,23,0.116,0.767
4.698,4.5502,1,24,0.121,0.795
4.684,4.5769,1,25,0.126,0.821
4.6692,4.6035,1,26,0.131,0.847
4.6538,4.6299,1,27,0.136,0.873
4.6377,4.6562,1,28,0.141,0.897
4.6209,4.6824,1,29,0.146,0.921
4.6034,4.7084,1,30,0.151,0.943
4.5853,4.7342,1,31,0.156,0.965
4.5664,4.7598,1,32,0.161,0.986
4.5469,4.7852,1,33,0.166,1.006
4.5267,4.8103,1,34,0.171,1.026
4.5058,4.8352,1,35,0.176,1.044
4.4843,4.8599,1,36,0.181,1.061
4.4621,4.8842,1,37,0.186,1.078
4.4392,4.9083,1,38,0.191,1.093
4.4157,4.9321,1,39,0.196,1.108
4.3915,4.9556,1,40,0.201,1.121
4.3667,4.9787,1,41,0.206,1.133
4.3412,5.0015,1,42,0.211,1.145
4.3151,5.0239,1,43,0.216,1.155
4.2883,5.046,1,44,0.221,1.164
4.2609,5.0676,1,45,0.226,1.173
4.2329,5.0889,1,46,0.231,1.18
4.2042,5.1097,1,47,0.236,1.186
4.175,5.1301,1,48,0.241,1.191
4.1451,5.1501,1,49,0.246,1.195
4.1147,5.1696,1,50,0.251,1.198
4.0836,5.1886,1,51,0.256,1.199
4.052,5.2072,1,52,0.261,1.2
4.0197,5.2252,1,53,0.266,1.2
3.9869,5.2427,1,54,0.271,1.198
3.9536,5.2598,1,55,0.276,1.195
3.9197,5.2762,1,56,0.281,1.192
3.8852,5.2921,1,57,0.286,1.187
3.8502,5.3075,1,58,0.291,1.181
3.8147,5.3223,1,59,0.296,1.174
3.7787,5.3365,1,60,0.302,1.166
3.7421,5.3501,1,61,0.307,1.157
3.7051,5.3631,1,62,0.312,1.147
3.6676,5.3754,1,63,0.317,1.136
3.6296,5.3871,1,64,0.322,1.124
3.5911,5.3982,1,65,0.327,1.11
3.5522,5.4086,1,66,0.332,1.096
3.5128,5.4184,1,67,0.337,1.081
3.473,5.4274,1,68,0.342,1.065
3.4328,5.4358,1,69,0.347,1.048
3.3921,5.4435,1,70,0.352,1.029
3.3511,5.4504,1,71,0.357,1.01
3.3097,5.4566,1,72,0.362,0.99
3.2679,5.4621,1,73,0.367,0.969
3.2258,5.4669,1,74,0.372,0.948
3.1833,5.4709,1,75,0.377,0.925
3.1405,5.4741,1,76,0.382,0.902
3.0973,5.4766,1,77,0.387,0.877
3.0539,5.4783,1,78,0.392,0.852
3.0101,5.4792,1,79,0.397,0.826
2.9661,5.4793,1,80,0.402,0.8
2.9218,5.4785,1,81,0.407,0.772
2.8773,5.477,1,82,0.412,0.744
2.8325,5.4747,1,83,0.417,0.716
2.7875,5.4715,1,84,0.422,0.686
2.7423,5.4675,1,85,0.427,0.656
2.6969,5.4627,1,86,0.432,0.626
2.6514,5.457,1,87,0.437,0.595
2.6056,5.4504,1,88,0.442,0.563
2.5598,5.443,1,89,0.447,0.531
2.5138,5.4347,1,90,0.452,0.498
2.4677,5.4256,1,91,0.457,0.465
2.4214,5.4155,1,92,0.462,0.431
2.3752,5.4046,1,93,0.467,0.397
2.3288,5.3928,1,94,0.472,0.363
2.2824,5.3801,1,95,0.477,0.328
2.236,5.3665,1,96,0.482,0.294
2.1895,5.352,1,97,0.487,0.258
2.143,5.3366,1,98,0.492,0.223
2.0966,5.3203,1,99,0.497,0.187
2.0502,5.3031,1,100,0.503,0.151
2.0039,5.285,1,101,0.508,0.115
1.9576,5.2659,1,102,0.513,0.079
1.9114,5.246,1,103,0.518,0.043
1.8653,5.2251,1,104,0.523,0.007
1.8193,5.2033,1,105,0.528,0.029
1.7735,5.1806,1,106,0.533,0.065
1.7278,5.157,1,107,0.538,0.101
1.6823,5.1324,1,108,0.543,0.137
1.637,5.1069,1,109,0.548,0.173
1.5918,5.0805,1,110,0.553,0.209
1.5469,5.0532,1,111,0.558,0.244
1.5023,5.0249,1,112,0.563,0.28
1.4579,4.9958,1,113,0.568,0.315
1.4138,4.9657,1,114,0.573,0.35
1.37,4.9347,1,115,0.578,0.384
1.3265,4.9028,1,116,0.583,0.418
1.2833,4.8699,1,117,0.588,0.452
1.2405,4.8362,1,118,0.593,0.485
1.198,4.8016,1,119,0.598,0.518
1.1559,4.766,1,120,0.603,0.55
1.1142,4.7296,1,121,0.608,0.582
1.073,4.6922,1,122,0.613,0.614
1.0322,4.654,1,123,0.618,0.644
0.9918,4.6149,1,124,0.623,0.675
0.9519,4.5749,1,125,0.628,0.704
0.9125,4.534,1,126,0.633,0.733
0.8736,4.4923,1,127,0.638,0.762
0.8352,4.4497,1,128,0.643,0.789
0.7973,4.4062,1,129,0.648,0.816
0.76,4.3619,1,130,0.653,0.842
0.7233,4.3167,1,131,0.658,0.868
0.6872,4.2707,1,132,0.663,0.892
0.6517,4.2239,1,133,0.668,0.916
0.6168,4.1763,1,134,0.673,0.939
0.5825,4.1278,1,135,0.678,0.961
0.5489,4.0785,1,136,0.683,0.982
0.516,4.0285,1,137,0.688,1.003
0.4838,3.9776,1,138,0.693,1.022
0.4523,3.926,1,139,0.698,1.041
0.4215,3.8736,1,140,0.704,1.058
0.3914,3.8205,1,141,0.709,1.075
0.3621,3.7666,1,142,0.714,1.09
0.3336,3.712,1,143,0.719,1.105
0.3059,3.6566,1,144,0.724,1.118
0.2789,3.6006,1,145,0.729,1.131
0.2528,3.5438,1,146,0.734,1.143
0.2275,3.4864,1,147,0.739,1.153
0.203,3.4282,1,148,0.744,1.163
0.1795,3.3695,1,149,0.749,1.171
0.1567,3.31,1,150,0.754,1.178
0.1349,3.2499,1,151,0.759,1.185
0.114,3.1892,1,152,0.764,1.19
0.094,3.1279,1,153,0.769,1.194
0.0749,3.066,1,154,0.774,1.197
0.0568,3.0035,1,155,0.779,1.199
0.0396,2.9404,1,156,0.784,1.2
0.0235,2.8768,1,157,0.789,1.2
0.0082,2.8126,1,158,0.794,1.198
-0.006,2.748,1,159,0.799,1.196
-0.0192,2.6828,1,160,0.804,1.193
-0.0314,2.6171,1,161,0.809,1.188
-0.0425,2.5509,1,162,0.814,1.182
-0.0526,2.4843,1,163,0.819,1.176
-0.0617,2.4172,1,164,0.824,1.168
-0.0696,2.3497,1,165,0.829,1.159
-0.0765,2.2818,1,166,0.834,1.149
-0.0823,2.2135,1,167,0.839,1.138
-0.0871,2.1449,1,168,0.844,1.126
-0.0907,2.0758,1,169,0.849,1.113
-0.0932,2.0065,1,170,0.854,1.099
-0.0945,1.9368,1,171,0.859,1.084
-0.0947,1.8668,1,172,0.864,1.068
-0.0938,1.7965,1,173,0.869,1.051
-0.0918,1.726,1,174,0.874,1.033
-0.0885,1.6552,1,175,0.879,1.014
-0.0841,1.5842,1,176,0.884,0.994
-0.0785,1.5129,1,177,0.889,0.974
-0.0718,1.4415,1,178,0.894,0.952
-0.0638,1.3699,1,179,0.899,0.93
-0.0546,1.2982,1,180,0.905,0.906
-0.0443,1.2263,1,181,0.91,0.882
-0.0327,1.1544,1,182,0.915,0.857
-0.0199,1.0823,1,183,0.92,0.832
-0.0059,1.0102,1,184,0.925,0.805
0.0094,0.938,1,185,0.93,0.778
0.0258,0.8658,1,186,0.935,0.75
0.0435,0.7936,1,187,0.94,0.721
0.0625,0.7214,1,188,0.945,0.692
0.0827,0.6492,1,189,0.95,0.662
0.1041,0.5771,1,190,0.955,0.632
0.1268,0.505,1,191,0.96,0.601
0.1508,0.4331,1,192,0.965,0.569
0.1759,0.3613,1,193,0.97,0.537
0.2024,0.2896,1,194,0.975,0.505
0.2301,0.2181,1,195,0.98,0.471
0.2591,0.1468,1,196,0.985,0.438
0.2893,0.0757,1,197,0.99,0.404
0.3208,0.0048,1,198,0.995,0.37
0.3535,-0.0659,1,199,1.0,0.335
6.336,-5.5941,2,0,0.0,0.0
6.3594,-5.5848,2,1,0.005,0.042
6.3828,-5.5748,2,2,0.01,0.084
6.4061,-5.5642,2,3,0.015,0.126
6.4292,-5.5529,2,4,0.02,0.168
6.4523,-5.541,2,5,0.025,0.21
6.4752,-5.5284,2,6,0.03,0.252
6.4981,-5.5152,2,7,0.035,0.293
6.5207,-5.5013,2,8,0.04,0.334
6.5432,-5.4868,2,9,0.045,0.375
6.5655,-5.4717,2,10,0.05,0.416
6.5876,-5.4559,2,11,0.055,0.456
6.6095,-5.4395,2,12,0.06,0.496
6.6312,-5.4225,2,13,0.065,0.535
6.6526,-5.4049,2,14,0.07,0.574
6.6738,-5.3866,2,15,0.075,0.612
6.6947,-5.3677,2,16,0.08,0.649
6.7154,-5.3482,2,17,0.085,0.687
6.7357,-5.328,2,18,0.09,0.723
6.7558,-5.3073,2,19,0.095,0.759
6.7755,-5.286,2,20,0.101,0.794
6.7949,-5.264,2,21,0.106,0.828
6.8139,-5.2415,2,22,0.111,0.862
6.8326,-5.2184,2,23,0.116,0.895
6.8509,-5.1947,2,24,0.121,0.927
6.8688,-5.1704,2,25,0.126,0.958
6.8864,-5.1456,2,26,0.131,0.988
6.9035,-5.1202,2,27,0.136,1.018
6.9201,-5.0942,2,28,0.141,1.046
6.9364,-5.0677,2,29,0.146,1.074
6.9522,-5.0407,2,30,0.151,1.101
6.9675,-5.0131,2,31,0.156,1.126
6.9823,-4.985,2,32,0.161,1.151
6.9967,-4.9564,2,33,0.166,1.174
7.0106,-4.9273,2,34,0.171,1.197
7.0239,-4.8976,2,35,0.176,1.218
7.0367,-4.8675,2,36,0.181,1.238
7.049,-4.8369,2,37,0.186,1.257
7.0607,-4.8058,2,38,0.191,1.275
7.0719,-4.7743,2,39,0.196,1.292
7.0825,-4.7423,2,40,0.201,1.308
7.0925,-4.7099,2,41,0.206,1.322
7.1019,-4.677,2,42,0.211,1.336
7.1107,-4.6437,2,43,0.216,1.348
7.1189,-4.6101,2,44,0.221,1.358
7.1265,-4.576,2,45,0.226,1.368
7.1335,-4.5415,2,46,0.231,1.376
7.1397,-4.5066,2,47,0.236,1.383
7.1454,-4.4714,2,48,0.241,1.389
7.1504,-4.4358,2,49,0.246,1.394
7.1547,-4.3999,2,50,0.251,1.397
7.1583,-4.3637,2,51,0.256,1.399
7.1612,-4.3271,2,52,0.261,1.4
7.1634,-4.2902,2,53,0.266,1.399
7.1649,-4.2531,2,54,0.271,1.398
7.1657,-4.2156,2,55,0.276,1.395
7.1658,-4.178,2,56,0.281,1.39
7.1652,-4.14,2,57,0.286,1.385
7.1638,-4.1018,2,58,0.291,1.378
7.1616,-4.0634,2,59,0.296,1.37
7.1587,-4.0248,2,60,0.302,1.36
7.155,-3.986,2,61,0.307,1.35
7.1506,-3.947,2,62,0.312,1.338
7.1454,-3.9078,2,63,0.317,1.325
7.1394,-3.8685,2,64,0.322,1.311
7.1326,-3.829,2,65,0.327,1.295
7.1251,-3.7895,2,66,0.332,1.279
7.1167,-3.7498,2,67,0.337,1.261
7.1075,-3.71,2,68,0.342,1.242
7.0975,-3.6701,2,69,0.347,1.222
7.0868,-3.6302,2,70,0.352,1.201
7.0752,-3.5903,2,71,0.357,1.179
7.0627,-3.5503,2,72,0.362,1.155
7.0495,-3.5103,2,73,0.367,1.131
7.0354,-3.4702,2,74,0.372,1.106
7.0205,-3.4302,2,75,0.377,1.079
7.0048,-3.3903,2,76,0.382,1.052
6.9883,-3.3504,2,77,0.387,1.024
6.9709,-3.3105,2,78,0.392,0.994
6.9526,-3.2707,2,79,0.397,0.964
6.9336,-3.2311,2,80,0.402,0.933
6.9136,-3.1915,2,81,0.407,0.901
6.8929,-3.1521,2,82,0.412,0.869
6.8713,-3.1128,2,83,0.417,0.835
6.8489,-3.0736,2,84,0.422,0.801
6.8256,-3.0347,2,85,0.427,0.766
6.8015,-2.9959,2,86,0.432,0.73
6.7765,-2.9574,2,87,0.437,0.694
6.7507,-2.9191,2,88,0.442,0.657
6.7241,-2.881,2,89,0.447,0.619
6.6966,-2.8432,2,90,0.452,0.581
6.6683,-2.8057,2,91,0.457,0.542
6.6391,-2.7684,2,92,0.462,0.503
6.6091,-2.7315,2,93,0.467,0.464
6.5783,-2.6949,2,94,0.472,0.424
6.5467,-2.6587,2,95,0.477,0.383
6.5143,-2.6228,2,96,0.482,0.342
6.481,-2.5873,2,97,0.487,0.301
6.4469,-2.5521,2,98,0.492,0.26
6.412,-2.5174,2,99,0.497,0.218
6.3763,-2.4831,2,100,0.503,0.177
6.3398,-2.4493,2,101,0.508,0.135
6.3026,-2.4159,2,102,0.513,0.093
6.2645,-2.383,2,103,0.518,0.05
6.2256,-2.3506,2,104,0.523,0.008
6.186,-2.3187,2,105,0.528,0.034
6.1456,-2.2873,2,106,0.533,0.076
6.1044,-2.2565,2,107,0.538,0.118
6.0625,-2.2262,2,108,0.543,0.16
6.0198,-2.1965,2,109,0.548,0.202
5.9764,-2.1674,2,110,0.553,0.244
5.9323,-2.1388,2,111,0.558,0.285
5.8874,-2.1109,2,112,0.563,0.326
5.8418,-2.0837,2,113,0.568,0.367
5.7955,-2.057,2,114,0.573,0.408
5.7486,-2.0311,2,115,0.578,0.448
5.7009,-2.0058,2,116,0.583,0.488
5.6525,-1.9812,2,117,0.588,0.527
5.6035,-1.9574,2,118,0.593,0.566
5.5539,-1.9342,2,119,0.598,0.604
5.5035,-1.9118,2,120,0.603,0.642
5.4526,-1.8901,2,121,0.608,0.679
5.401,-1.8692,2,122,0.613,0.716
5.3488,-1.8491,2,123,0.618,0.752
5.296,-1.8298,2,124,0.623,0.787
5.2427,-1.8113,2,125,0.628,0.822
5.1887,-1.7936,2,126,0.633,0.855
5.1342,-1.7767,2,127,0.638,0.889
5.0791,-1.7607,2,128,0.643,0.921
5.0235,-1.7455,2,129,0.648,0.952
4.9674,-1.7313,2,130,0.653,0.983
4.9108,-1.7179,2,131,0.658,1.012
4.8536,-1.7054,2,132,0.663,1.041
4.796,-1.6938,2,133,0.668,1.069
4.7379,-1.6831,2,134,0.673,1.095
4.6794,-1.6733,2,135,0.678,1.121
4.6204,-1.6645,2,136,0.683,1.146
4.561,-1.6567,2,137,0.688,1.17
4.5012,-1.6498,2,138,0.693,1.192
4.441,-1.6439,2,139,0.698,1.214
4.3805,-1.639,2,140,0.704,1.234
4.3195,-1.635,2,141,0.709,1.254
4.2583,-1.6321,2,142,0.714,1.272
4.1967,-1.6302,2,143,0.719,1.289
4.1348,-1.6293,2,144,0.724,1.305
4.0726,-1.6295,2,145,0.729,1.32
4.0101,-1.6306,2,146,0.734,1.333
3.9474,-1.6329,2,147,0.739,1.345
3.8844,-1.6362,2,148,0.744,1.356
3.8212,-1.6405,2,149,0.749,1.366
3.7578,-1.6459,2,150,0.754,1.375
3.6942,-1.6524,2,151,0.759,1.382
3.6304,-1.66,2,152,0.764,1.388
3.5665,-1.6687,2,153,0.769,1.393
3.5025,-1.6785,2,154,0.774,1.397
3.4383,-1.6894,2,155,0.779,1.399
3.3741,-1.7014,2,156,0.784,1.4
3.3098,-1.7145,2,157,0.789,1.4
3.2454,-1.7287,2,158,0.794,1.398
3.1809,-1.7441,2,159,0.799,1.395
3.1165,-1.7606,2,160,0.804,1.391
3.0521,-1.7782,2,161,0.809,1.386
2.9876,-1.797,2,162,0.814,1.379
2.9233,-1.8169,2,163,0.819,1.371
2.859,-1.8379,2,164,0.824,1.362
2.7947,-1.8601,2,165,0.829,1.352
2.7306,-1.8834,2,166,0.834,1.34
2.6666,-1.9079,2,167,0.839,1.328
2.6027,-1.9336,2,168,0.844,1.314
2.539,-1.9604,2,169,0.849,1.299
2.4754,-1.9883,2,170,0.854,1.282
2.4121,-2.0174,2,171,0.859,1.265
2.349,-2.0477,2,172,0.864,1.246
2.2861,-2.0791,2,173,0.869,1.226
2.2235,-2.1117,2,174,0.874,1.205
2.1612,-2.1454,2,175,0.879,1.183
2.0992,-2.1803,2,176,0.884,1.16
2.0375,-2.2163,2,177,0.889,1.136
1.9761,-2.2535,2,178,0.894,1.111
1.9151,-2.2918,2,179,0.899,1.085
1.8546,-2.3313,2,180,0.905,1.057
1.7944,-2.3719,2,181,0.91,1.029
1.7346,-2.4136,2,182,0.915,1.0
1.6753,-2.4565,2,183,0.92,0.97
1.6165,-2.5005,2,184,0.925,0.939
1.5581,-2.5457,2,185,0.93,0.908
1.5003,-2.5919,2,186,0.935,0.875
1.443,-2.6393,2,187,0.94,0.842
1.3862,-2.6878,2,188,0.945,0.808
1.33,-2.7374,2,189,0.95,0.773
1.2744,-2.7881,2,190,0.955,0.737
1.2194,-2.8399,2,191,0.96,0.701
1.1651,-2.8927,2,192,0.965,0.664
1.1114,-2.9467,2,193,0.97,0.627
1.0584,-3.0017,2,194,0.975,0.589
1.0061,-3.0577,2,195,0.98,0.55
0.9544,-3.1149,2,196,0.985,0.511
0.9036,-3.173,2,197,0.99,0.471
0.8534,-3.2322,2,198,0.995,0.432
0.8041,-3.2925,2,199,1.0,0.391
0.6063,-0.5634,3,0,0.0,0.0
0.5925,-0.5423,3,1,0.005,0.048
0.578,-0.5214,3,2,0.01,0.096
0.563,-0.5007,3,3,0.015,0.145
0.5473,-0.4803,3,4,0.02,0.192
0.531,-0.46,3,5,0.025,0.24
0.5141,-0.4401,3,6,0.03,0.288
0.4966,-0.4203,3,7,0.035,0.335
0.4786,-0.4009,3,8,0.04,0.382
0.4599,-0.3818,3,9,0.045,0.429
0.4406,-0.3629,3,10,0.05,0.475
0.4207,-0.3444,3,11,0.055,0.521
0.4003,-0.3262,3,12,0.06,0.566
0.3793,-0.3084,3,13,0.065,0.611
0.3577,-0.2909,3,14,0.07,0.655
0.3356,-0.2737,3,15,0.075,0.699
0.3129,-0.257,3,16,0.08,0.742
0.2897,-0.2407,3,17,0.085,0.785
0.2659,-0.2247,3,18,0.09,0.826
0.2416,-0.2092,3,19,0.095,0.867
0.2167,-0.1941,3,20,0.101,0.907
0.1914,-0.1795,3,21,0.106,0.947
0.1655,-0.1653,3,22,0.111,0.985
0.1391,-0.1516,3,23,0.116,1.023
0.1123,-0.1384,3,24,0.121,1.059
0.0849,-0.1257,3,25,0.126,1.095
0.0571,-0.1135,3,26,0.131,1.13
0.0288,-0.1018,3,27,0.136,1.163
0.0,-0.0906,3,28,0.141,1.196
-0.0292,-0.08,3,29,0.146,1.227
-0.0588,-0.0699,3,30,0.151,1.258
-0.0889,-0.0604,3,31,0.156,1.287
-0.1194,-0.0514,3,32,0.161,1.315
-0.1503,-0.0431,3,33,0.166,1.342
-0.1816,-0.0353,3,34,0.171,1.368
-0.2133,-0.0281,3,35,0.176,1.392
-0.2454,-0.0216,3,36,0.181,1.415
-0.2778,-0.0156,3,37,0.186,1.437
-0.3106,-0.0103,3,38,0.191,1.458
-0.3437,-0.0057,3,39,0.196,1.477
-0.3772,-0.0016,3,40,0.201,1.495
-0.411,0.0017,3,41,0.206,1.511
-0.445,0.0044,3,42,0.211,1.526
-0.4794,0.0064,3,43,0.216,1.54
-0.5141,0.0077,3,44,0.221,1.553
-0.549,0.0083,3,45,0.226,1.563
-0.5841,0.0083,3,46,0.231,1.573
-0.6196,0.0075,3,47,0.236,1.581
-0.6552,0.006,3,48,0.241,1.588
-0.6911,0.0038,3,49,0.246,1.593
-0.7271,0.0008,3,50,0.251,1.597
-0.7633,-0.0028,3,51,0.256,1.599
-0.7998,-0.0073,3,52,0.261,1.6
-0.8363,-0.0124,3,53,0.266,1.599
-0.873,-0.0183,3,54,0.271,1.597
-0.9099,-0.025,3,55,0.276,1.594
-0.9468,-0.0325,3,56,0.281,1.589
-0.9839,-0.0407,3,57,0.286,1.583
-1.021,-0.0497,3,58,0.291,1.575
-1.0582,-0.0594,3,59,0.296,1.565
-1.0955,-0.07,3,60,0.302,1.555
-1.1328,-0.0813,3,61,0.307,1.543
-1.1702,-0.0934,3,62,0.312,1.529
-1.2075,-0.1063,3,63,0.317,1.514
-1.2448,-0.12,3,64,0.322,1.498
-1.2821,-0.1345,3,65,0.327,1.48
-1.3194,-0.1498,3,66,0.332,1.461
-1.3566,-0.1659,3,67,0.337,1.441
-1.3938,-0.1828,3,68,0.342,1.42
-1.4309,-0.2006,3,69,0.347,1.397
-1.4678,-0.2191,3,70,0.352,1.373
-1.5047,-0.2384,3,71,0.357,1.347
-1.5414,-0.2585,3,72,0.362,1.32
-1.578,-0.2795,3,73,0.367,1.293
-1.6144,-0.3013,3,74,0.372,1.264
-1.6506,-0.3238,3,75,0.377,1.233
-1.6866,-0.3472,3,76,0.382,1.202
-1.7224,-0.3714,3,77,0.387,1.17
-1.758,-0.3964,3,78,0.392,1.136
-1.7934,-0.4222,3,79,0.397,1.102
-1.8284,-0.4488,3,80,0.402,1.066
-1.8632,-0.4762,3,81,0.407,1.03
-1.8978,-0.5044,3,82,0.412,0.993
-1.932,-0.5333,3,83,0.417,0.954
-1.9658,-0.5631,3,84,0.422,0.915
-1.9994,-0.5937,3,85,0.427,0.875
-2.0325,-0.6251,3,86,0.432,0.834
-2.0653,-0.6572,3,87,0.437,0.793
-2.0977,-0.6901,3,88,0.442,0.751
-2.1297,-0.7238,3,89,0.447,0.708
-2.1613,-0.7583,3,90,0.452,0.664
-2.1924,-0.7935,3,91,0.457,0.62
-2.2231,-0.8295,3,92,0.462,0.575
-2.2533,-0.8662,3,93,0.467,0.53
-2.283,-0.9037,3,94,0.472,0.484
-2.3123,-0.9419,3,95,0.477,0.438
-2.341,-0.9809,3,96,0.482,0.391
-2.3691,-1.0205,3,97,0.487,0.344
-2.3968,-1.0609,3,98,0.492,0.297
-2.4238,-1.102,3,99,0.497,0.25
-2.4503,-1.1438,3,100,0.503,0.202
-2.4762,-1.1864,3,101,0.508,0.154
-2.5015,-1.2295,3,102,0.513,0.106
-2.5261,-1.2734,3,103,0.518,0.058
-2.5502,-1.3179,3,104,0.523,0.009
-2.5735,-1.3631,3,105,0.528,0.039
-2.5962,-1.409,3,106,0.533,0.087
-2.6183,-1.4555,3,107,0.538,0.135
-2.6396,-1.5026,3,108,0.543,0.183
-2.6602,-1.5503,3,109,0.548,0.231
-2.6801,-1.5987,3,110,0.553,0.279
-2.6992,-1.6476,3,111,0.558,0.326
-2.7176,-1.6971,3,112,0.563,0.373
-2.7353,-1.7472,3,113,0.568,0.42
-2.7521,-1.7979,3,114,0.573,0.466
-2.7682,-1.8491,3,115,0.578,0.512
-2.7835,-1.9009,3,116,0.583,0.557
-2.7979,-1.9531,3,117,0.588,0.602
-2.8116,-2.0059,3,118,0.593,0.647
-2.8244,-2.0592,3,119,0.598,0.691
-2.8363,-2.113,3,120,0.603,0.734
-2.8474,-2.1672,3,121,0.608,0.776
-2.8576,-2.2219,3,122,0.613,0.818
-2.8669,-2.2771,3,123,0.618,0.859
-2.8753,-2.3327,3,124,0.623,0.9
-2.8828,-2.3887,3,125,0.628,0.939
-2.8894,-2.4451,3,126,0.633,0.978
-2.895,-2.5019,3,127,0.638,1.015
-2.8998,-2.559,3,128,0.643,1.052
-2.9035,-2.6165,3,129,0.648,1.088
-2.9063,-2.6744,3,130,0.653,1.123
-2.9082,-2.7325,3,131,0.658,1.157
-2.9091,-2.791,3,132,0.663,1.19
-2.9089,-2.8498,3,133,0.668,1.221
-2.9078,-2.9088,3,134,0.673,1.252
-2.9057,-2.9681,3,135,0.678,1.281
-2.9026,-3.0277,3,136,0.683,1.31
-2.8984,-3.0874,3,137,0.688,1.337
-2.8933,-3.1474,3,138,0.693,1.363
-2.8871,-3.2076,3,139,0.698,1.387
-2.8798,-3.2679,3,140,0.704,1.411
-2.8715,-3.3284,3,141,0.709,1.433
-2.8622,-3.389,3,142,0.714,1.454
-2.8518,-3.4498,3,143,0.719,1.473
-2.8403,-3.5106,3,144,0.724,1.491
-2.8278,-3.5715,3,145,0.729,1.508
-2.8142,-3.6325,3,146,0.734,1.524
-2.7995,-3.6935,3,147,0.739,1.538
-2.7837,-3.7546,3,148,0.744,1.55
-2.7669,-3.8157,3,149,0.749,1.561
-2.7489,-3.8767,3,150,0.754,1.571
-2.7299,-3.9377,3,151,0.759,1.58
-2.7097,-3.9987,3,152,0.764,1.587
-2.6885,-4.0596,3,153,0.769,1.592
-2.6661,-4.1204,3,154,0.774,1.596
-2.6427,-4.1811,3,155,0.779,1.599
-2.6181,-4.2417,3,156,0.784,1.6
-2.5924,-4.3021,3,157,0.789,1.6
-2.5657,-4.3624,3,158,0.794,1.598
-2.5378,-4.4224,3,159,0.799,1.595
-2.5088,-4.4823,3,160,0.804,1.59
-2.4787,-4.5419,3,161,0.809,1.584
-2.4474,-4.6013,3,162,0.814,1.576
-2.4151,-4.6604,3,163,0.819,1.567
-2.3817,-4.7193,3,164,0.824,1.557
-2.3471,-4.7778,3,165,0.829,1.545
-2.3115,-4.836,3,166,0.834,1.532
-2.2747,-4.8938,3,167,0.839,1.517
-2.2369,-4.9513,3,168,0.844,1.501
-2.1979,-5.0084,3,169,0.849,1.484
-2.1579,-5.0651,3,170,0.854,1.465
-2.1167,-5.1214,3,171,0.859,1.445
-2.0745,-5.1772,3,172,0.864,1.424
-2.0312,-5.2325,3,173,0.869,1.401
-1.9868,-5.2874,3,174,0.874,1.377
-1.9413,-5.3418,3,175,0.879,1.352
-1.8948,-5.3956,3,176,0.884,1.326
-1.8472,-5.4489,3,177,0.889,1.298
-1.7985,-5.5016,3,178,0.894,1.269
-1.7488,-5.5537,3,179,0.899,1.239
-1.698,-5.6052,3,180,0.905,1.208
-1.6462,-5.6561,3,181,0.91,1.176
-1.5934,-5.7063,3,182,0.915,1.143
-1.5396,-5.7559,3,183,0.92,1.109
-1.4847,-5.8048,3,184,0.925,1.073
-1.4289,-5.853,3,185,0.93,1.037
-1.372,-5.9004,3,186,0.935,1.0
-1.3142,-5.9472,3,187,0.94,0.962
-1.2553,-5.9931,3,188,0.945,0.923
-1.1955,-6.0383,3,189,0.95,0.883
-1.1348,-6.0827,3,190,0.955,0.842
-1.0731,-6.1262,3,191,0.96,0.801
-1.0105,-6.1689,3,192,0.965,0.759
-0.9469,-6.2108,3,193,0.97,0.716
-0.8824,-6.2518,3,194,0.975,0.673
-0.8171,-6.2919,3,195,0.98,0.629
-0.7508,-6.3311,3,196,0.985,0.584
-0.6837,-6.3694,3,197,0.99,0.539
-0.6156,-6.4067,3,198,0.995,0.493
-0.5468,-6.443,3,199,1.0,0.447
-4.6745,-0.2511,4,0,0.0,0.0
-4.688,-0.2299,4,1,0.005,0.054
-4.7022,-0.2088,4,2,0.01,0.108
-4.717,-0.188,4,3,0.015,0.163
-4.7325,-0.1673,4,4,0.02,0.217
-4.7485,-0.1469,4,5,0.025,0.27
-4.7651,-0.1267,4,6,0.03,0.324
-4.7824,-0.1068,4,7,0.035,0.377
-4.8002,-0.0871,4,8,0.04,0.43
-4.8187,-0.0678,4,9,0.045,0.482
-4.8377,-0.0487,4,10,0.05,0.535
-4.8574,-0.0299,4,11,0.055,0.586
-4.8776,-0.0115,4,12,0.06,0.637
-4.8984,0.0066,4,13,0.065,0.688
-4.9197,0.0244,4,14,0.07,0.737
-4.9416,0.0417,4,15,0.075,0.787
-4.9641,0.0588,4,16,0.08,0.835
-4.9872,0.0754,4,17,0.085,0.883
-5.0108,0.0916,4,18,0.09,0.93
-5.0349,0.1074,4,19,0.095,0.976
-5.0595,0.1228,4,20,0.101,1.021
-5.0847,0.1377,4,21,0.106,1.065
-5.1104,0.1522,4,22,0.111,1.108
-5.1366,0.1662,4,23,0.116,1.151
-5.1633,0.1798,4,24,0.121,1.192
-5.1905,0.1928,4,25,0.126,1.232
-5.2182,0.2054,4,26,0.131,1.271
-5.2464,0.2174,4,27,0.136,1.309
-5.275,0.2289,4,28,0.141,1.345
-5.3041,0.2399,4,29,0.146,1.381
-5.3336,0.2503,4,30,0.151,1.415
-5.3636,0.2602,4,31,0.156,1.448
-5.394,0.2695,4,32,0.161,1.48
-5.4248,0.2783,4,33,0.166,1.51
-5.456,0.2864,4,34,0.171,1.539
-5.4876,0.294,4,35,0.176,1.566
-5.5196,0.3009,4,36,0.181,1.592
-5.5519,0.3072,4,37,0.186,1.617
-5.5846,0.3129,4,38,0.191,1.64
-5.6177,0.318,4,39,0.196,1.661
-5.6511,0.3224,4,40,0.201,1.682
-5.6848,0.3262,4,41,0.206,1.7
-5.7189,0.3293,4,42,0.211,1.717
-5.7532,0.3317,4,43,0.216,1.733
-5.7879,0.3334,4,44,0.221,1.747
-5.8228,0.3345,4,45,0.226,1.759
-5.8579,0.3348,4,46,0.231,1.77
-5.8934,0.3345,4,47,0.236,1.779
-5.929,0.3334,4,48,0.241,1.786
-5.9649,0.3316,4,49,0.246,1.792
-6.001,0.3291,4,50,0.251,1.796
-6.0373,0.3259,4,51,0.256,1.799
-6.0737,0.3219,4,52,0.261,1.8
-6.1103,0.3172,4,53,0.266,1.799
-6.1471,0.3117,4,54,0.271,1.797
-6.184,0.3055,4,55,0.276,1.793
-6.2211,0.2985,4,56,0.281,1.788
-6.2582,0.2907,4,57,0.286,1.78
-6.2955,0.2822,4,58,0.291,1.772
-6.3328,0.2728,4,59,0.296,1.761
-6.3702,0.2628,4,60,0.302,1.749
-6.4076,0.2519,4,61,0.307,1.736
-6.4451,0.2402,4,62,0.312,1.72
-6.4826,0.2278,4,63,0.317,1.704
-6.5201,0.2145,4,64,0.322,1.685
-6.5576,0.2004,4,65,0.327,1.666
-6.595,0.1856,4,66,0.332,1.644
-6.6325,0.1699,4,67,0.337,1.621
-6.6698,0.1535,4,68,0.342,1.597
-6.7071,0.1362,4,69,0.347,1.571
-6.7443,0.1181,4,70,0.352,1.544
-6.7814,0.0992,4,71,0.357,1.516
-6.8183,0.0795,4,72,0.362,1.486
-6.8551,0.059,4,73,0.367,1.454
-6.8918,0.0377,4,74,0.372,1.422
-6.9283,0.0156,4,75,0.377,1.388
-6.9646,-0.0073,4,76,0.382,1.352
-7.0007,-0.0311,4,77,0.387,1.316
-7.0366,-0.0557,4,78,0.392,1.278
-7.0723,-0.081,4,79,0.397,1.24
-7.1076,-0.1072,4,80,0.402,1.2
-7.1428,-0.1342,4,81,0.407,1.159
-7.1776,-0.1619,4,82,0.412,1.117
-7.2122,-0.1905,4,83,0.417,1.074
-7.2464,-0.2199,4,84,0.422,1.03
-7.2803,-0.2501,4,85,0.427,0.985
-7.3138,-0.281,4,86,0.432,0.939
-7.347,-0.3128,4,87,0.437,0.892
-7.3798,-0.3453,4,88,0.442,0.844
-7.4122,-0.3786,4,89,0.447,0.796
-7.4442,-0.4127,4,90,0.452,0.747
-7.4758,-0.4475,4,91,0.457,0.697
-7.5069,-0.4831,4,92,0.462,0.647
-7.5375,-0.5195,4,93,0.467,0.596
-7.5677,-0.5566,4,94,0.472,0.545
-7.5974,-0.5945,4,95,0.477,0.493
-7.6265,-0.6331,4,96,0.482,0.44
-7.6552,-0.6724,4,97,0.487,0.387
-7.6833,-0.7125,4,98,0.492,0.334
-7.7109,-0.7533,4,99,0.497,0.281
-7.7378,-0.7947,4,100,0.503,0.227
-7.7642,-0.8369,4,101,0.508,0.173
-7.79,-0.8798,4,102,0.513,0.119
-7.8152,-0.9234,4,103,0.518,0.065
-7.8398,-0.9676,4,104,0.523,0.011
-7.8637,-1.0125,4,105,0.528,0.044
-7.8869,-1.0581,4,106,0.533,0.098
-7.9095,-1.1043,4,107,0.538,0.152
-7.9314,-1.1512,4,108,0.543,0.206
-7.9526,-1.1987,4,109,0.548,0.26
-7.9731,-1.2468,4,110,0.553,0.313
-7.9928,-1.2955,4,111,0.558,0.367
-8.0118,-1.3448,4,112,0.563,0.42
-8.03,-1.3947,4,113,0.568,0.472
-8.0475,-1.4451,4,114,0.573,0.524
-8.0642,-1.4961,4,115,0.578,0.576
-8.0801,-1.5477,4,116,0.583,0.627
-8.0952,-1.5998,4,117,0.588,0.678
-8.1094,-1.6524,4,118,0.593,0.728
-8.1229,-1.7055,4,119,0.598,0.777
-8.1355,-1.7592,4,120,0.603,0.826
-8.1472,-1.8133,4,121,0.608,0.873
-8.158,-1.8679,4,122,0.613,0.92
-8.168,-1.9229,4,123,0.618,0.967
-8.1771,-1.9784,4,124,0.623,1.012
-8.1853,-2.0343,4,125,0.628,1.056
-8.1925,-2.0906,4,126,0.633,1.1
-8.1989,-2.1473,4,127,0.638,1.142
-8.2043,-2.2044,4,128,0.643,1.184
-8.2088,-2.2619,4,129,0.648,1.224
-8.2123,-2.3197,4,130,0.653,1.263
-8.2148,-2.3778,4,131,0.658,1.301
-8.2164,-2.4363,4,132,0.663,1.338
-8.217,-2.495,4,133,0.668,1.374
-8.2166,-2.5541,4,134,0.673,1.408
-8.2152,-2.6134,4,135,0.678,1.442
-8.2128,-2.673,4,136,0.683,1.473
-8.2093,-2.7328,4,137,0.688,1.504
-8.2049,-2.7928,4,138,0.693,1.533
-8.1994,-2.8531,4,139,0.698,1.561
-8.1929,-2.9135,4,140,0.704,1.587
-8.1853,-2.9741,4,141,0.709,1.612
-8.1767,-3.0348,4,142,0.714,1.635
-8.1671,-3.0957,4,143,0.719,1.657
-8.1563,-3.1566,4,144,0.724,1.678
-8.1445,-3.2177,4,145,0.729,1.697
-8.1316,-3.2788,4,146,0.734,1.714
-8.1177,-3.34,4,147,0.739,1.73
-8.1027,-3.4013,4,148,0.744,1.744
-8.0865,-3.4625,4,149,0.749,1.757
-8.0693,-3.5238,4,150,0.754,1.768
-8.051,-3.5851,4,151,0.759,1.777
-8.0316,-3.6463,4,152,0.764,1.785
-8.0111,-3.7074,4,153,0.769,1.791
-7.9895,-3.7685,4,154,0.774,1.796
-7.9668,-3.8295,4,155,0.779,1.799
-7.9429,-3.8903,4,156,0.784,1.8
-7.918,-3.9511,4,157,0.789,1.8
-7.8919,-4.0116,4,158,0.794,1.798
-7.8648,-4.072,4,159,0.799,1.794
-7.8365,-4.1322,4,160,0.804,1.789
-7.8071,-4.1922,4,161,0.809,1.782
-7.7766,-4.252,4,162,0.814,1.773
-7.745,-4.3115,4,163,0.819,1.763
-7.7123,-4.3707,4,164,0.824,1.752
-7.6784,-4.4297,4,165,0.829,1.738
-7.6435,-4.4883,4,166,0.834,1.723
-7.6074,-4.5466,4,167,0.839,1.707
-7.5702,-4.6045,4,168,0.844,1.689
-7.532,-4.6621,4,169,0.849,1.67
-7.4926,-4.7192,4,170,0.854,1.648
-7.4522,-4.776,4,171,0.859,1.626
-7.4106,-4.8323,4,172,0.864,1.602
-7.368,-4.8882,4,173,0.869,1.576
-7.3242,-4.9436,4,174,0.874,1.55
-7.2794,-4.9985,4,175,0.879,1.521
-7.2335,-5.0529,4,176,0.884,1.492
-7.1866,-5.1067,4,177,0.889,1.46
-7.1385,-5.16,4,178,0.894,1.428
-7.0895,-5.2127,4,179,0.899,1.394
-7.0393,-5.2648,4,180,0.905,1.359
-6.9882,-5.3163,4,181,0.91,1.323
-6.936,-5.3672,4,182,0.915,1.286
-6.8827,-5.4174,4,183,0.92,1.247
-6.8284,-5.467,4,184,0.925,1.208
-6.7732,-5.5158,4,185,0.93,1.167
-6.7169,-5.564,4,186,0.935,1.125
-6.6596,-5.6114,4,187,0.94,1.082
-6.6013,-5.658,4,188,0.945,1.038
-6.5421,-5.7039,4,189,0.95,0.993
-6.4819,-5.749,4,190,0.955,0.948
-6.4207,-5.7933,4,191,0.96,0.901
-6.3586,-5.8368,4,192,0.965,0.854
-6.2955,-5.8794,4,193,0.97,0.806
-6.2316,-5.9212,4,194,0.975,0.757
-6.1667,-5.9621,4,195,0.98,0.707
-6.1009,-6.0021,4,196,0.985,0.657
-6.0342,-6.0412,4,197,0.99,0.606
-5.9667,-6.0793,4,198,0.995,0.555
-5.8983,-6.1165,4,199,1.0,0.503
2.1851,2.8446,5,0,0.0,0.0
2.1815,2.8196,5,1,0.005,0.06
2.1785,2.7944,5,2,0.01,0.121
2.1761,2.7689,5,3,0.015,0.181
2.1743,2.7432,5,4,0.02,0.241
2.1731,2.7173,5,5,0.025,0.3
2.1726,2.6911,5,6,0.03,0.36
2.1727,2.6648,5,7,0.035,0.419
2.1734,2.6382,5,8,0.04,0.478
2.1747,2.6115,5,9,0.045,0.536
2.1767,2.5846,5,10,0.05,0.594
2.1793,2.5576,5,11,0.055,0.651
2.1826,2.5305,5,12,0.06,0.708
2.1866,2.5032,5,13,0.065,0.764
2.1912,2.4758,5,14,0.07,0.819
2.1964,2.4483,5,15,0.075,0.874
2.2024,2.4207,5,16,0.08,0.928
2.209,2.3931,5,17,0.085,0.981
2.2163,2.3654,5,18,0.09,1.033
2.2242,2.3377,5,19,0.095,1.084
2.2329,2.31,5,20,0.101,1.134
2.2422,2.2822,5,21,0.106,1.183
2.2522,2.2545,5,22,0.111,1.231
2.263,2.2268,5,23,0.116,1.278
2.2744,2.1991,5,24,0.121,1.324
2.2865,2.1714,5,25,0.126,1.369
2.2992,2.1439,5,26,0.131,1.412
2.3127,2.1164,5,27,0.136,1.454
2.3269,2.089,5,28,0.141,1.495
2.3418,2.0617,5,29,0.146,1.534
2.3573,2.0345,5,30,0.151,1.572
2.3736,2.0074,5,31,0.156,1.609
2.3905,1.9806,5,32,0.161,1.644
2.4082,1.9538,5,33,0.166,1.677
2.4265,1.9273,5,34,0.171,1.71
2.4455,1.901,5,35,0.176,1.74
2.4652,1.8748,5,36,0.181,1.769
2.4856,1.8489,5,37,0.186,1.796
2.5067,1.8232,5,38,0.191,1.822
2.5284,1.7978,5,39,0.196,1.846
2.5509,1.7727,5,40,0.201,1.868
2.574,1.7478,5,41,0.206,1.889
2.5978,1.7233,5,42,0.211,1.908
2.6222,1.699,5,43,0.216,1.925
2.6473,1.6751,5,44,0.221,1.941
2.6731,1.6515,5,45,0.226,1.954
2.6995,1.6283,5,46,0.231,1.966
2.7266,1.6055,5,47,0.236,1.976
2.7543,1.583,5,48,0.241,1.985
2.7826,1.561,5,49,0.246,1.991
2.8116,1.5393,5,50,0.251,1.996
2.8412,1.5181,5,51,0.256,1.999
2.8715,1.4973,5,52,0.261,2.0
2.9023,1.477,5,53,0.266,1.999
2.9337,1.4571,5,54,0.271,1.997
2.9658,1.4378,5,55,0.276,1.992
2.9984,1.4189,5,56,0.281,1.986
3.0316,1.4005,5,57,0.286,1.978
3.0654,1.3827,5,58,0.291,1.968
3.0998,1.3654,5,59,0.296,1.957
3.1347,1.3487,5,60,0.302,1.944
3.1702,1.3325,5,61,0.307,1.928
3.2062,1.3169,5,62,0.312,1.912
3.2427,1.3018,5,63,0.317,1.893
3.2798,1.2874,5,64,0.322,1.873
3.3174,1.2736,5,65,0.327,1.851
3.3554,1.2604,5,66,0.332,1.827
3.394,1.2479,5,67,0.337,1.801
3.4331,1.236,5,68,0.342,1.774
3.4726,1.2247,5,69,0.347,1.746
3.5126,1.2142,5,70,0.352,1.716
3.553,1.2043,5,71,0.357,1.684
3.5938,1.1951,5,72,0.362,1.651
3.6351,1.1866,5,73,0.367,1.616
3.6768,1.1788,5,74,0.372,1.58
3.7189,1.1718,5,75,0.377,1.542
3.7614,1.1655,5,76,0.382,1.503
3.8042,1.1599,5,77,0.387,1.462
3.8475,1.1551,5,78,0.392,1.42
3.891,1.1511,5,79,0.397,1.377
3.9349,1.1478,5,80,0.402,1.333
3.9791,1.1453,5,81,0.407,1.287
4.0237,1.1436,5,82,0.412,1.241
4.0685,1.1427,5,83,0.417,1.193
4.1136,1.1427,5,84,0.422,1.144
4.159,1.1434,5,85,0.427,1.094
4.2046,1.145,5,86,0.432,1.043
4.2505,1.1474,5,87,0.437,0.991
4.2965,1.1506,5,88,0.442,0.938
4.3428,1.1547,5,89,0.447,0.885
4.3893,1.1597,5,90,0.452,0.83
4.4359,1.1655,5,91,0.457,0.775
4.4828,1.1722,5,92,0.462,0.719
4.5297,1.1797,5,93,0.467,0.662
4.5768,1.1882,5,94,0.472,0.605
4.624,1.1975,5,95,0.477,0.547
4.6713,1.2077,5,96,0.482,0.489
4.7187,1.2188,5,97,0.487,0.431
4.7661,1.2308,5,98,0.492,0.371
4.8136,1.2437,5,99,0.497,0.312
4.8611,1.2576,5,100,0.503,0.252
4.9086,1.2723,5,101,0.508,0.192
4.9562,1.288,5,102,0.513,0.132
5.0037,1.3046,5,103,0.518,0.072
5.0512,1.3221,5,104,0.523,0.012
5.0986,1.3405,5,105,0.528,0.048
5.1459,1.3598,5,106,0.533,0.109
5.1932,1.3801,5,107,0.538,0.169
5.2404,1.4014,5,108,0.543,0.229
5.2874,1.4235,5,109,0.548,0.289
5.3343,1.4466,5,110,0.553,0.348
5.3811,1.4706,5,111,0.558,0.407
5.4276,1.4956,5,112,0.563,0.466
5.474,1.5215,5,113,0.568,0.525
5.5202,1.5483,5,114,0.573,0.583
5.5661,1.5761,5,115,0.578,0.64
5.6118,1.6048,5,116,0.583,0.697
5.6572,1.6344,5,117,0.588,0.753
5.7024,1.665,5,118,0.593,0.809
5.7472,1.6965,5,119,0.598,0.863
5.7917,1.7289,5,120,0.603,0.917
5.8359,1.7623,5,121,0.608,0.97
5.8798,1.7965,5,122,0.613,1.023
5.9232,1.8317,5,123,0.618,1.074
5.9663,1.8678,5,124,0.623,1.124
6.009,1.9049,5,125,0.628,1.174
6.0512,1.9428,5,126,0.633,1.222
6.0931,1.9816,5,127,0.638,1.269
6.1344,2.0214,5,128,0.643,1.315
6.1753,2.062,5,129,0.648,1.36
6.2157,2.1035,5,130,0.653,1.404
6.2555,2.1459,5,131,0.658,1.446
6.2949,2.1892,5,132,0.663,1.487
6.3337,2.2333,5,133,0.668,1.527
6.3719,2.2783,5,134,0.673,1.565
6.4095,2.3242,5,135,0.678,1.602
6.4466,2.3709,5,136,0.683,1.637
6.483,2.4185,5,137,0.688,1.671
6.5188,2.4669,5,138,0.693,1.703
6.554,2.5161,5,139,0.698,1.734
6.5885,2.5661,5,140,0.704,1.763
6.6223,2.617,5,141,0.709,1.791
6.6554,2.6686,5,142,0.714,1.817
6.6878,2.721,5,143,0.719,1.841
6.7194,2.7742,5,144,0.724,1.864
6.7503,2.8282,5,145,0.729,1.885
6.7805,2.883,5,146,0.734,1.904
6.8098,2.9384,5,147,0.739,1.922
6.8384,2.9947,5,148,0.744,1.938
6.8662,3.0516,5,149,0.749,1.952
6.8931,3.1092,5,150,0.754,1.964
6.9192,3.1676,5,151,0.759,1.975
6.9444,3.2267,5,152,0.764,1.983
6.9688,3.2864,5,153,0.769,1.99
6.9922,3.3468,5,154,0.774,1.995
7.0148,3.4078,5,155,0.779,1.998
7.0365,3.4695,5,156,0.784,2.0
7.0572,3.5317,5,157,0.789,2.0
7.077,3.5946,5,158,0.794,1.997
7.0958,3.6581,5,159,0.799,1.993
7.1137,3.7222,5,160,0.804,1.988
7.1306,3.7869,5,161,0.809,1.98
7.1464,3.852,5,162,0.814,1.97
7.1613,3.9178,5,163,0.819,1.959
7.1752,3.984,5,164,0.824,1.946
7.188,4.0507,5,165,0.829,1.931
7.1998,4.118,5,166,0.834,1.915
7.2105,4.1857,5,167,0.839,1.897
7.2201,4.2538,5,168,0.844,1.877
7.2287,4.3224,5,169,0.849,1.855
7.2361,4.3914,5,170,0.854,1.832
7.2425,4.4608,5,171,0.859,1.807
7.2478,4.5306,5,172,0.864,1.78
7.2519,4.6008,5,173,0.869,1.752
7.2549,4.6713,5,174,0.874,1.722
7.2568,4.7421,5,175,0.879,1.69
7.2575,4.8133,5,176,0.884,1.657
7.2571,4.8847,5,177,0.889,1.623
7.2554,4.9564,5,178,0.894,1.587
7.2527,5.0284,5,179,0.899,1.549
7.2487,5.1006,5,180,0.905,1.511
7.2435,5.173,5,181,0.91,1.47
7.2371,5.2457,5,182,0.915,1.429
7.2296,5.3185,5,183,0.92,1.386
7.2208,5.3914,5,184,0.925,1.342
7.2108,5.4645,5,185,0.93,1.297
7.1995,5.5377,5,186,0.935,1.25
7.1871,5.611,5,187,0.94,1.202
7.1734,5.6844,5,188,0.945,1.154
7.1584,5.7578,5,189,0.95,1.104
7.1422,5.8313,5,190,0.955,1.053
7.1248,5.9048,5,191,0.96,1.001
7.1061,5.9783,5,192,0.965,0.949
7.0861,6.0517,5,193,0.97,0.895
7.0649,6.1251,5,194,0.975,0.841
7.0424,6.1984,5,195,0.98,0.786
7.0187,6.2716,5,196,0.985,0.73
6.9936,6.3448,5,197,0.99,0.674
6.9673,6.4177,5,198,0.995,0.616
6.9397,6.4906,5,199,1.0,0.559
4.1324,-1.1427,6,0,0.0,0.0
4.1526,-1.1578,6,1,0.005,0.066
4.1733,-1.1726,6,2,0.01,0.133
4.1945,-1.1869,6,3,0.015,0.199
4.2162,-1.2008,6,4,0.02,0.265
4.2384,-1.2142,6,5,0.025,0.33
4.2611,-1.2273,6,6,0.03,0.396
4.2843,-1.2398,6,7,0.035,0.461
4.3079,-1.2519,6,8,0.04,0.526
4.332,-1.2636,6,9,0.045,0.59
4.3565,-1.2747,6,10,0.05,0.653
4.3815,-1.2853,6,11,0.055,0.716
4.4069,-1.2955,6,12,0.06,0.779
4.4328,-1.3051,6,13,0.065,0.84
4.459,-1.3142,6,14,0.07,0.901
4.4856,-1.3227,6,15,0.075,0.961
4.5127,-1.3307,6,16,0.08,1.021
4.5401,-1.3382,6,17,0.085,1.079
4.5679,-1.345,6,18,0.09,1.136
4.596,-1.3513,6,19,0.095,1.192
4.6245,-1.357,6,20,0.101,1.248
4.6534,-1.3621,6,21,0.106,1.302
4.6825,-1.3666,6,22,0.111,1.355
4.712,-1.3705,6,23,0.116,1.406
4.7417,-1.3738,6,24,0.121,1.457
4.7718,-1.3764,6,25,0.126,1.506
4.8021,-1.3784,6,26,0.131,1.553
4.8327,-1.3798,6,27,0.136,1.6
4.8636,-1.3805,6,28,0.141,1.644
4.8946,-1.3805,6,29,0.146,1.688
4.926,-1.3799,6,30,0.151,1.729
4.9575,-1.3786,6,31,0.156,1.77
4.9892,-1.3766,6,32,0.161,1.808
5.0211,-1.3739,6,33,0.166,1.845
5.0532,-1.3706,6,34,0.171,1.881
5.0854,-1.3665,6,35,0.176,1.914
5.1178,-1.3617,6,36,0.181,1.946
5.1503,-1.3562,6,37,0.186,1.976
5.1829,-1.3501,6,38,0.191,2.004
5.2157,-1.3431,6,39,0.196,2.031
5.2485,-1.3355,6,40,0.201,2.055
5.2814,-1.3271,6,41,0.206,2.078
5.3143,-1.318,6,42,0.211,2.099
5.3473,-1.3082,6,43,0.216,2.118
5.3804,-1.2976,6,44,0.221,2.135
5.4134,-1.2863,6,45,0.226,2.15
5.4464,-1.2743,6,46,0.231,2.163
5.4795,-1.2615,6,47,0.236,2.174
5.5125,-1.2479,6,48,0.241,2.183
5.5454,-1.2336,6,49,0.246,2.19
5.5783,-1.2185,6,50,0.251,2.196
5.6111,-1.2027,6,51,0.256,2.199
5.6438,-1.1862,6,52,0.261,2.2
5.6765,-1.1688,6,53,0.266,2.199
5.7089,-1.1507,6,54,0.271,2.196
5.7413,-1.1319,6,55,0.276,2.192
5.7735,-1.1123,6,56,0.281,2.185
5.8055,-1.092,6,57,0.286,2.176
5.8374,-1.0708,6,58,0.291,2.165
5.869,-1.049,6,59,0.296,2.153
5.9005,-1.0264,6,60,0.302,2.138
5.9317,-1.003,6,61,0.307,2.121
5.9627,-0.9789,6,62,0.312,2.103
5.9934,-0.954,6,63,0.317,2.082
6.0238,-0.9284,6,64,0.322,2.06
6.0539,-0.902,6,65,0.327,2.036
6.0837,-0.8749,6,66,0.332,2.01
6.1132,-0.8471,6,67,0.337,1.982
6.1424,-0.8185,6,68,0.342,1.952
6.1712,-0.7893,6,69,0.347,1.92
6.1996,-0.7592,6,70,0.352,1.887
6.2277,-0.7285,6,71,0.357,1.852
6.2554,-0.697,6,72,0.362,1.816
6.2826,-0.6649,6,73,0.367,1.777
6.3094,-0.632,6,74,0.372,1.737
6.3358,-0.5984,6,75,0.377,1.696
6.3617,-0.5642,6,76,0.382,1.653
6.3871,-0.5292,6,77,0.387,1.608
6.412,-0.4936,6,78,0.392,1.563
6.4364,-0.4573,6,79,0.397,1.515
6.4604,-0.4204,6,80,0.402,1.466
6.4837,-0.3827,6,81,0.407,1.416
6.5066,-0.3445,6,82,0.412,1.365
6.5288,-0.3056,6,83,0.417,1.312
6.5505,-0.266,6,84,0.422,1.258
6.5716,-0.2258,6,85,0.427,1.203
6.5921,-0.185,6,86,0.432,1.147
6.612,-0.1436,6,87,0.437,1.09
6.6312,-0.1017,6,88,0.442,1.032
6.6498,-0.0591,6,89,0.447,0.973
6.6677,-0.0159,6,90,0.452,0.913
6.685,0.0278,6,91,0.457,0.852
6.7016,0.0721,6,92,0.462,0.791
6.7174,0.1169,6,93,0.467,0.729
6.7326,0.1623,6,94,0.472,0.666
6.747,0.2082,6,95,0.477,0.602
6.7607,0.2546,6,96,0.482,0.538
6.7737,0.3015,6,97,0.487,0.474
6.7859,0.3489,6,98,0.492,0.409
6.7973,0.3968,6,99,0.497,0.343
6.808,0.4451,6,100,0.503,0.278
6.8178,0.4939,6,101,0.508,0.212
6.8268,0.5431,6,102,0.513,0.146
6.8351,0.5928,6,103,0.518,0.079
6.8425,0.6428,6,104,0.523,0.013
6.849,0.6933,6,105,0.528,0.053
6.8547,0.7441,6,106,0.533,0.12
6.8596,0.7953,6,107,0.538,0.186
6.8636,0.8469,6,108,0.543,0.252
6.8667,0.8988,6,109,0.548,0.318
6.8689,0.951,6,110,0.553,0.383
6.8702,1.0036,6,111,0.558,0.448
6.8706,1.0564,6,112,0.563,0.513
6.8701,1.1095,6,113,0.568,0.577
6.8687,1.1629,6,114,0.573,0.641
6.8663,1.2165,6,115,0.578,0.704
6.8631,1.2704,6,116,0.583,0.767
6.8588,1.3244,6,117,0.588,0.828
6.8536,1.3787,6,118,0.593,0.889
6.8475,1.4332,6,119,0.598,0.95
6.8404,1.4878,6,120,0.603,1.009
6.8323,1.5426,6,121,0.608,1.068
6.8232,1.5975,6,122,0.613,1.125
6.8132,1.6525,6,123,0.618,1.182
6.8021,1.7076,6,124,0.623,1.237
6.7901,1.7628,6,125,0.628,1.291
6.7771,1.8181,6,126,0.633,1.344
6.763,1.8734,6,127,0.638,1.396
6.748,1.9287,6,128,0.643,1.447
6.7319,1.9841,6,129,0.648,1.496
6.7148,2.0394,6,130,0.653,1.544
6.6967,2.0947,6,131,0.658,1.591
6.6776,2.15,6,132,0.663,1.636
6.6575,2.2052,6,133,0.668,1.679
6.6363,2.2603,6,134,0.673,1.721
6.6141,2.3153,6,135,0.678,1.762
6.5908,2.3703,6,136,0.683,1.801
6.5666,2.425,6,137,0.688,1.838
6.5412,2.4796,6,138,0.693,1.874
6.5149,2.5341,6,139,0.698,1.908
6.4875,2.5883,6,140,0.704,1.94
6.4591,2.6424,6,141,0.709,1.97
6.4297,2.6962,6,142,0.714,1.999
6.3992,2.7497,6,143,0.719,2.026
6.3676,2.803,6,144,0.724,2.051
6.3351,2.856,6,145,0.729,2.074
6.3015,2.9087,6,146,0.734,2.095
6.2669,2.9611,6,147,0.739,2.114
6.2312,3.0131,6,148,0.744,2.132
6.1946,3.0647,6,149,0.749,2.147
6.1569,3.116,6,150,0.754,2.161
6.1182,3.1669,6,151,0.759,2.172
6.0784,3.2173,6,152,0.764,2.182
6.0377,3.2673,6,153,0.769,2.189
5.996,3.3169,6,154,0.774,2.195
5.9532,3.366,6,155,0.779,2.198
5.9095,3.4145,6,156,0.784,2.2
5.8647,3.4626,6,157,0.789,2.2
5.819,3.5101,6,158,0.794,2.197
5.7723,3.557,6,159,0.799,2.193
5.7247,3.6034,6,160,0.804,2.186
5.676,3.6492,6,161,0.809,2.178
5.6264,3.6944,6,162,0.814,2.168
5.5759,3.739,6,163,0.819,2.155
5.5244,3.7829,6,164,0.824,2.141
5.4719,3.8261,6,165,0.829,2.125
5.4186,3.8687,6,166,0.834,2.106
5.3643,3.9105,6,167,0.839,2.086
5.3091,3.9517,6,168,0.844,2.064
5.253,3.9921,6,169,0.849,2.041
5.196,4.0317,6,170,0.854,2.015
5.1382,4.0706,6,171,0.859,1.987
5.0794,4.1086,6,172,0.864,1.958
5.0199,4.1459,6,173,0.869,1.927
4.9594,4.1823,6,174,0.874,1.894
4.8981,4.2179,6,175,0.879,1.859
4.836,4.2526,6,176,0.884,1.823
4.7731,4.2865,6,177,0.889,1.785
4.7094,4.3195,6,178,0.894,1.745
4.6449,4.3515,6,179,0.899,1.704
4.5796,4.3826,6,180,0.905,1.662
4.5136,4.4128,6,181,0.91,1.617
4.4468,4.442,6,182,0.915,1.572
4.3793,4.4703,6,183,0.92,1.525
4.311,4.4975,6,184,0.925,1.476
4.2421,4.5238,6,185,0.93,1.426
4.1725,4.549,6,186,0.935,1.375
4.1022,4.5732,6,187,0.94,1.323
4.0312,4.5964,6,188,0.945,1.269
3.9596,4.6184,6,189,0.95,1.214
3.8873,4.6395,6,190,0.955,1.158
3.8145,4.6594,6,191,0.96,1.102
3.741,4.6782,6,192,0.965,1.044
3.667,4.6959,6,193,0.97,0.985
3.5924,4.7124,6,194,0.975,0.925
3.5173,4.7278,6,195,0.98,0.864
3.4416,4.7421,6,196,0.985,0.803
3.3655,4.7552,6,197,0.99,0.741
3.2888,4.7671,6,198,0.995,0.678
3.2117,4.7778,6,199,1.0,0.615
-4.6373,2.7055,7,0,0.0,0.0
-4.6599,2.7165,7,1,0.005,0.072
-4.6831,2.727,7,2,0.01,0.145
-4.7066,2.737,7,3,0.015,0.217
-4.7306,2.7465,7,4,0.02,0.289
-4.7549,2.7555,7,5,0.025,0.36
-4.7797,2.764,7,6,0.03,0.432
-4.8048,2.7719,7,7,0.035,0.503
-4.8303,2.7793,7,8,0.04,0.573
-4.8562,2.7861,7,9,0.045,0.643
-4.8824,2.7924,7,10,0.05,0.713
-4.909,2.7981,7,11,0.055,0.781
-4.9358,2.8032,7,12,0.06,0.85
-4.963,2.8077,7,13,0.065,0.917
-4.9905,2.8116,7,14,0.07,0.983
-5.0183,2.815,7,15,0.075,1.049
-5.0464,2.8177,7,16,0.08,1.113
-5.0747,2.8198,7,17,0.085,1.177
-5.1033,2.8212,7,18,0.09,1.24
-5.1321,2.822,7,19,0.095,1.301
-5.1612,2.8222,7,20,0.101,1.361
-5.1904,2.8217,7,21,0.106,1.42
-5.2199,2.8206,7,22,0.111,1.478
-5.2496,2.8188,7,23,0.116,1.534
-5.2794,2.8163,7,24,0.121,1.589
-5.3094,2.8132,7,25,0.126,1.643
-5.3396,2.8094,7,26,0.131,1.695
-5.3699,2.8049,7,27,0.136,1.745
-5.4003,2.7997,7,28,0.141,1.794
-5.4308,2.7938,7,29,0.146,1.841
-5.4614,2.7872,7,30,0.151,1.887
-5.4921,2.78,7,31,0.156,1.931
-5.5229,2.772,7,32,0.161,1.973
-5.5537,2.7633,7,33,0.166,2.013
-5.5846,2.7538,7,34,0.171,2.051
-5.6154,2.7437,7,35,0.176,2.088
-5.6463,2.7329,7,36,0.181,2.123
-5.6772,2.7213,7,37,0.186,2.156
-5.708,2.709,7,38,0.191,2.186
-5.7389,2.696,7,39,0.196,2.215
-5.7696,2.6822,7,40,0.201,2.242
-5.8003,2.6678,7,41,0.206,2.267
-5.8309,2.6526,7,42,0.211,2.29
-5.8615,2.6366,7,43,0.216,2.31
-5.8919,2.62,7,44,0.221,2.329
-5.9221,2.6026,7,45,0.226,2.345
-5.9523,2.5844,7,46,0.231,2.36
-5.9823,2.5656,7,47,0.236,2.372
-6.0121,2.546,7,48,0.241,2.382
-6.0417,2.5257,7,49,0.246,2.39
-6.0711,2.5046,7,50,0.251,2.395
-6.1003,2.4828,7,51,0.256,2.399
-6.1293,2.4603,7,52,0.261,2.4
-6.158,2.4371,7,53,0.266,2.399
-6.1865,2.4132,7,54,0.271,2.396
-6.2146,2.3885,7,55,0.276,2.391
-6.2425,2.3632,7,56,0.281,2.383
-6.2701,2.3371,7,57,0.286,2.374
-6.2974,2.3103,7,58,0.291,2.362
-6.3243,2.2828,7,59,0.296,2.348
-6.3508,2.2546,7,60,0.302,2.332
-6.377,2.2257,7,61,0.307,2.314
-6.4028,2.1961,7,62,0.312,2.294
-6.4282,2.1659,7,63,0.317,2.272
-6.4532,2.1349,7,64,0.322,2.247
-6.4778,2.1033,7,65,0.327,2.221
-6.5019,2.0711,7,66,0.332,2.192
-6.5255,2.0381,7,67,0.337,2.162
-6.5487,2.0045,7,68,0.342,2.129
-6.5714,1.9703,7,69,0.347,2.095
-6.5936,1.9354,7,70,0.352,2.059
-6.6153,1.8999,7,71,0.357,2.021
-6.6365,1.8637,7,72,0.362,1.981
-6.6571,1.827,7,73,0.367,1.939
-6.6772,1.7896,7,74,0.372,1.895
-6.6966,1.7516,7,75,0.377,1.85
-6.7155,1.7131,7,76,0.382,1.803
-6.7338,1.6739,7,77,0.387,1.755
-6.7515,1.6342,7,78,0.392,1.705
-6.7686,1.5939,7,79,0.397,1.653
-6.785,1.5531,7,80,0.402,1.6
-6.8008,1.5117,7,81,0.407,1.545
-6.8159,1.4698,7,82,0.412,1.489
-6.8304,1.4273,7,83,0.417,1.431
-6.8442,1.3844,7,84,0.422,1.373
-6.8572,1.3409,7,85,0.427,1.313
-6.8696,1.297,7,86,0.432,1.252
-6.8812,1.2526,7,87,0.437,1.189
-6.8921,1.2077,7,88,0.442,1.126
-6.9022,1.1623,7,89,0.447,1.062
-6.9116,1.1165,7,90,0.452,0.996
-6.9202,1.0703,7,91,0.457,0.93
-6.9281,1.0237,7,92,0.462,0.863
-6.9351,0.9767,7,93,0.467,0.795
-6.9414,0.9292,7,94,0.472,0.726
-6.9468,0.8814,7,95,0.477,0.657
-6.9514,0.8333,7,96,0.482,0.587
-6.9552,0.7847,7,97,0.487,0.517
-6.9581,0.7359,7,98,0.492,0.446
-6.9602,0.6867,7,99,0.497,0.374
-6.9615,0.6373,7,100,0.503,0.303
-6.9619,0.5875,7,101,0.508,0.231
-6.9614,0.5374,7,102,0.513,0.159
-6.96,0.4871,7,103,0.518,0.087
-6.9577,0.4366,7,104,0.523,0.014
-6.9545,0.3858,7,105,0.528,0.058
-6.9505,0.3348,7,106,0.533,0.13
-6.9455,0.2836,7,107,0.538,0.203
-6.9396,0.2322,7,108,0.543,0.275
-6.9327,0.1807,7,109,0.548,0.346
-6.925,0.129,7,110,0.553,0.418
-6.9163,0.0772,7,111,0.558,0.489
-6.9066,0.0252,7,112,0.563,0.56
-6.896,-0.0268,7,113,0.568,0.63
-6.8844,-0.0789,7,114,0.573,0.699
-6.8719,-0.1311,7,115,0.578,0.768
-6.8584,-0.1834,7,116,0.583,0.836
-6.844,-0.2357,7,117,0.588,0.904
-6.8285,-0.288,7,118,0.593,0.97
-6.8121,-0.3402,7,119,0.598,1.036
-6.7948,-0.3925,7,120,0.603,1.101
-6.7764,-0.4447,7,121,0.608,1.165
-6.757,-0.4969,7,122,0.613,1.227
-6.7367,-0.549,7,123,0.618,1.289
-6.7154,-0.601,7,124,0.623,1.349
-6.693,-0.6529,7,125,0.628,1.409
-6.6697,-0.7047,7,126,0.633,1.467
-6.6454,-0.7563,7,127,0.638,1.523
-6.6201,-0.8078,7,128,0.643,1.578
-6.5938,-0.8591,7,129,0.648,1.632
-6.5665,-0.9101,7,130,0.653,1.684
-6.5382,-0.961,7,131,0.658,1.735
-6.5089,-1.0116,7,132,0.663,1.784
-6.4786,-1.062,7,133,0.668,1.832
-6.4473,-1.1121,7,134,0.673,1.878
-6.415,-1.1618,7,135,0.678,1.922
-6.3817,-1.2113,7,136,0.683,1.965
-6.3475,-1.2605,7,137,0.688,2.005
-6.3122,-1.3093,7,138,0.693,2.044
-6.276,-1.3577,7,139,0.698,2.081
-6.2388,-1.4057,7,140,0.704,2.116
-6.2006,-1.4534,7,141,0.709,2.149
-6.1615,-1.5006,7,142,0.714,2.181
-6.1213,-1.5474,7,143,0.719,2.21
-6.0802,-1.5937,7,144,0.724,2.237
-6.0382,-1.6395,7,145,0.729,2.262
-5.9952,-1.6848,7,146,0.734,2.285
-5.9512,-1.7296,7,147,0.739,2.306
-5.9063,-1.7739,7,148,0.744,2.325
-5.8605,-1.8177,7,149,0.749,2.342
-5.8137,-1.8608,7,150,0.754,2.357
-5.766,-1.9034,7,151,0.759,2.369
-5.7174,-1.9453,7,152,0.764,2.38
-5.6679,-1.9867,7,153,0.769,2.388
-5.6175,-2.0274,7,154,0.774,2.394
-5.5662,-2.0674,7,155,0.779,2.398
-5.514,-2.1067,7,156,0.784,2.4
-5.4609,-2.1454,7,157,0.789,2.399
-5.407,-2.1833,7,158,0.794,2.397
-5.3522,-2.2205,7,159,0.799,2.392
-5.2966,-2.257,7,160,0.804,2.385
-5.2401,-2.2927,7,161,0.809,2.376
-5.1828,-2.3276,7,162,0.814,2.365
-5.1247,-2.3617,7,163,0.819,2.351
-5.0658,-2.395,7,164,0.824,2.336
-5.0061,-2.4275,7,165,0.829,2.318
-4.9456,-2.4591,7,166,0.834,2.298
-4.8844,-2.4899,7,167,0.839,2.276
-4.8223,-2.5197,7,168,0.844,2.252
-4.7596,-2.5487,7,169,0.849,2.226
-4.6961,-2.5768,7,170,0.854,2.198
-4.6319,-2.6039,7,171,0.859,2.168
-4.567,-2.6301,7,172,0.864,2.136
-4.5014,-2.6553,7,173,0.869,2.102
-4.4351,-2.6796,7,174,0.874,2.066
-4.3682,-2.7029,7,175,0.879,2.028
-4.3006,-2.7251,7,176,0.884,1.989
-4.2324,-2.7464,7,177,0.889,1.947
-4.1636,-2.7666,7,178,0.894,1.904
-4.0942,-2.7858,7,179,0.899,1.859
-4.0241,-2.8039,7,180,0.905,1.813
-3.9536,-2.821,7,181,0.91,1.764
-3.8824,-2.8369,7,182,0.915,1.715
-3.8108,-2.8518,7,183,0.92,1.663
-3.7386,-2.8656,7,184,0.925,1.61
-3.6659,-2.8782,7,185,0.93,1.556
-3.5928,-2.8897,7,186,0.935,1.5
-3.5191,-2.9001,7,187,0.94,1.443
-3.445,-2.9093,7,188,0.945,1.384
-3.3705,-2.9173,7,189,0.95,1.325
-3.2956,-2.9242,7,190,0.955,1.264
-3.2203,-2.9299,7,191,0.96,1.202
-3.1446,-2.9343,7,192,0.965,1.138
-3.0686,-2.9376,7,193,0.97,1.074
-2.9922,-2.9397,7,194,0.975,1.009
-2.9155,-2.9405,7,195,0.98,0.943
-2.8385,-2.9401,7,196,0.985,0.876
-2.7613,-2.9384,7,197,0.99,0.808
-2.6838,-2.9355,7,198,0.995,0.74
-2.606,-2.9313,7,199,1.0,0.671
